Workbook

Sheet Rekap Keseluruhan
A1: Aspek Penilaian | B1: Total Skor | C1: Rata-rata Skor | D1: Skor Maksimal | E1: Persentase | F1: Kriteria Validitas
A2: Ahli Materi | B2: ='Validitas Materi'!F24 -> 315 | C2: ='Validitas Materi'!G24 -> 5 | D2: ='Validitas Materi'!H24 -> 330 | E2: =(B2/D2)*100 -> 95.454545 | F2: =IF(E2>=81,"Sangat Valid",IF(E2>=61,"Valid",IF(E2>=41,"Cukup Valid",IF(E2>=21,"Kurang Valid","Tidak Valid")))) -> Sangat Valid
A3: Ahli Media | B3: ='Validitas Media'!F16 -> 196 | C3: ='Validitas Media'!G16 -> 5 | D3: ='Validitas Media'!H16 -> 210 | E3: =(B3/D3)*100 -> 93.333333 | F3: =IF(E3>=81,"Sangat Valid",IF(E3>=61,"Valid",IF(E3>=41,"Cukup Valid",IF(E3>=21,"Kurang Valid","Tidak Valid")))) -> Sangat Valid
A4: Ahli Sistem | B4: ='Validitas Sistem'!F24 -> 289 | C4: ='Validitas Sistem'!G24 -> 4 | D4: ='Validitas Sistem'!H24 -> 330 | E4: =(B4/D4)*100 -> 87.575758 | F4: =IF(E4>=81,"Sangat Valid",IF(E4>=61,"Valid",IF(E4>=41,"Cukup Valid",IF(E4>=21,"Kurang Valid","Tidak Valid")))) -> Sangat Valid
A5: RATA-RATA KESELURUHAN | B5: =SUM(B2:B4) -> 800 | C5: =ROUND(AVERAGE(C2:C4),0) -> 5 | D5: =SUM(D2:D4) -> 870 | E5: =(B5/D5)*100 -> 91.954023 | F5: =IF(E5>=81,"Sangat Valid",IF(E5>=61,"Valid",IF(E5>=41,"Cukup Valid",IF(E5>=21,"Kurang Valid","Tidak Valid")))) -> Sangat Valid
A9: Nama Validator | B9: Aspek | C9: Keputusan Kelayakan | D9: Komentar/Saran
A10: Margaretha Karolina S | B10: Materi | C10: Layak digunakan dengan revisi | D10: Tambah penjelasan, cek kalimat, pastikan screenshot jelas
A11: Eko Indra Pangestu | B11: Materi | C11: Layak digunakan tanpa revisi | D11: -
A12: Putut Aji Nalendro | B12: Materi | C12: Layak digunakan tanpa revisi | D12: Beri pembatas header/content/footer & gambar
A13: HASIL MAYORITAS KELAYAKAN | C13: =IF(C10=C11,C10,IF(C11=C12,C11,IF(C10=C12,C10,"Draw"))) -> Layak digunakan tanpa revisi
A14: Rafiqa Rizalita | B14: Media | C14: Layak digunakan tanpa revisi | D14: Bagus, bisa digunakan untuk penelitian
A15: Daniel Rinaldi | B15: Media | C15: Layak digunakan tanpa revisi | D15: Warna sebaiknya jangan gradasi
A16: Dwi Wahyudi | B16: Media | C16: Layak digunakan dengan revisi | D16: Beri icon pada setiap tile layanan
A17: HASIL MAYORITAS KELAYAKAN | C17: =IF(C14=C15,C14,IF(C15=C16,C15,IF(C14=C16,C14,"Draw"))) -> Layak digunakan tanpa revisi
A18: Ghea Chandra S | B18: Sistem | C18: Layak digunakan tanpa revisi | D18: Perbaikan saran
A19: Radinal Fadli | B19: Sistem | C19: Layak digunakan dengan revisi | D19: Login SSO, perhatikan CSP (unsafe-eval/inline), atur CSP default
A20: Rahmad Wahyudi | B20: Sistem | C20: Layak digunakan tanpa revisi | D20: Tampilkan tombol kembali ke atas
A21: HASIL MAYORITAS KELAYAKAN | C21: =IF(C18=C19,C18,IF(C19=C20,C19,IF(C18=C20,C18,"Draw"))) -> Layak digunakan tanpa revisi

Sheet Validitas Materi
A1: Aspek Penilaian | B1: Indikator Penilaian | C1: Margaretha Karolina S | D1: Eko Indra Pangestu | E1: Putut Aji Nalendro | F1: Total Skor per Item | G1: Rata-rata Skor | H1: Skor Maks | I1: Persentase | J1: Kriteria Validitas
A2: Kesesuaian Tujuan dan Ruang Lingkup | B2: Kesesuaian tujuan panduan | C2: 5 | D2: 5 | E2: 5 | F2: =SUM(C2:E2) -> 15 | G2: =ROUND(AVERAGE(C2:E2), 0) -> 5 | H2: 15 | I2: =(F2/H2)*100 -> 100 | J2: =IF(I2>=81,"Sangat Valid",IF(I2>=61,"Valid",IF(I2>=41,"Cukup Valid",IF(I2>=21,"Kurang Valid","Tidak Valid")))) -> Sangat Valid
A3: Kesesuaian Tujuan dan Ruang Lingkup | B3: Kesesuaian sasaran pengguna | C3: 5 | D3: 5 | E3: 5 | F3: =SUM(C3:E3) -> 15 | G3: =ROUND(AVERAGE(C3:E3), 0) -> 5 | H3: 15 | I3: =(F3/H3)*100 -> 100 | J3: =IF(I3>=81,"Sangat Valid",IF(I3>=61,"Valid",IF(I3>=41,"Cukup Valid",IF(I3>=21,"Kurang Valid","Tidak Valid")))) -> Sangat Valid
A4: Kesesuaian Tujuan dan Ruang Lingkup | B4: Kesesuaian ruang lingkup | C4: 5 | D4: 5 | E4: 5 | F4: =SUM(C4:E4) -> 15 | G4: =ROUND(AVERAGE(C4:E4), 0) -> 5 | H4: 15 | I4: =(F4/H4)*100 -> 100 | J4: =IF(I4>=81,"Sangat Valid",IF(I4>=61,"Valid",IF(I4>=41,"Cukup Valid",IF(I4>=21,"Kurang Valid","Tidak Valid")))) -> Sangat Valid
A5: Kesesuaian Tujuan dan Ruang Lingkup | B5: Kesesuaian ruang lingkup (fokus) | C5: 5 | D5: 4 | E5: 5 | F5: =SUM(C5:E5) -> 14 | G5: =ROUND(AVERAGE(C5:E5), 0) -> 5 | H5: 15 | I5: =(F5/H5)*100 -> 93.333333 | J5: =IF(I5>=81,"Sangat Valid",IF(I5>=61,"Valid",IF(I5>=41,"Cukup Valid",IF(I5>=21,"Kurang Valid","Tidak Valid")))) -> Sangat Valid
A6: Akurasi dan Kelengkapan Isi | B6: Akurasi langkah penggunaan | C6: 5 | D6: 5 | E6: 5 | F6: =SUM(C6:E6) -> 15 | G6: =ROUND(AVERAGE(C6:E6), 0) -> 5 | H6: 15 | I6: =(F6/H6)*100 -> 100 | J6: =IF(I6>=81,"Sangat Valid",IF(I6>=61,"Valid",IF(I6>=41,"Cukup Valid",IF(I6>=21,"Kurang Valid","Tidak Valid")))) -> Sangat Valid
A7: Akurasi dan Kelengkapan Isi | B7: Akurasi fitur dan istilah | C7: 4 | D7: 4 | E7: 5 | F7: =SUM(C7:E7) -> 13 | G7: =ROUND(AVERAGE(C7:E7), 0) -> 4 | H7: 15 | I7: =(F7/H7)*100 -> 86.666667 | J7: =IF(I7>=81,"Sangat Valid",IF(I7>=61,"Valid",IF(I7>=41,"Cukup Valid",IF(I7>=21,"Kurang Valid","Tidak Valid")))) -> Sangat Valid
A8: Akurasi dan Kelengkapan Isi | B8: Akurasi istilah konsisten | C8: 5 | D8: 5 | E8: 4 | F8: =SUM(C8:E8) -> 14 | G8: =ROUND(AVERAGE(C8:E8), 0) -> 5 | H8: 15 | I8: =(F8/H8)*100 -> 93.333333 | J8: =IF(I8>=81,"Sangat Valid",IF(I8>=61,"Valid",IF(I8>=41,"Cukup Valid",IF(I8>=21,"Kurang Valid","Tidak Valid")))) -> Sangat Valid
A9: Akurasi dan Kelengkapan Isi | B9: Akurasi informasi layanan | C9: 5 | D9: 5 | E9: 5 | F9: =SUM(C9:E9) -> 15 | G9: =ROUND(AVERAGE(C9:E9), 0) -> 5 | H9: 15 | I9: =(F9/H9)*100 -> 100 | J9: =IF(I9>=81,"Sangat Valid",IF(I9>=61,"Valid",IF(I9>=41,"Cukup Valid",IF(I9>=21,"Kurang Valid","Tidak Valid")))) -> Sangat Valid
A10: Akurasi dan Kelengkapan Isi | B10: Kelengkapan tahapan | C10: 5 | D10: 5 | E10: 4 | F10: =SUM(C10:E10) -> 14 | G10: =ROUND(AVERAGE(C10:E10), 0) -> 5 | H10: 15 | I10: =(F10/H10)*100 -> 93.333333 | J10: =IF(I10>=81,"Sangat Valid",IF(I10>=61,"Valid",IF(I10>=41,"Cukup Valid",IF(I10>=21,"Kurang Valid","Tidak Valid")))) -> Sangat Valid
A11: Akurasi dan Kelengkapan Isi | B11: Kelengkapan kondisi khusus | C11: 4 | D11: 4 | E11: 4 | F11: =SUM(C11:E11) -> 12 | G11: =ROUND(AVERAGE(C11:E11), 0) -> 4 | H11: 15 | I11: =(F11/H11)*100 -> 80 | J11: =IF(I11>=81,"Sangat Valid",IF(I11>=61,"Valid",IF(I11>=41,"Cukup Valid",IF(I11>=21,"Kurang Valid","Tidak Valid")))) -> Valid
A12: Akurasi dan Kelengkapan Isi | B12: Kelengkapan informasi tindakan | C12: 5 | D12: 4 | E12: 5 | F12: =SUM(C12:E12) -> 14 | G12: =ROUND(AVERAGE(C12:E12), 0) -> 5 | H12: 15 | I12: =(F12/H12)*100 -> 93.333333 | J12: =IF(I12>=81,"Sangat Valid",IF(I12>=61,"Valid",IF(I12>=41,"Cukup Valid",IF(I12>=21,"Kurang Valid","Tidak Valid")))) -> Sangat Valid
A13: Akurasi dan Kelengkapan Isi | B13: Kelengkapan materi inti | C13: 5 | D13: 4 | E13: 5 | F13: =SUM(C13:E13) -> 14 | G13: =ROUND(AVERAGE(C13:E13), 0) -> 5 | H13: 15 | I13: =(F13/H13)*100 -> 93.333333 | J13: =IF(I13>=81,"Sangat Valid",IF(I13>=61,"Valid",IF(I13>=41,"Cukup Valid",IF(I13>=21,"Kurang Valid","Tidak Valid")))) -> Sangat Valid
... A23: Kesesuaian Materi Pendukung | B23: Kesesuaian caption atau penjelas | C23: 5 | D23: 5 | E23: 5 | F23: =SUM(C23:E23) -> 15 | G23: =ROUND(AVERAGE(C23:E23), 0) -> 5 | H23: 15 | I23: =(F23/H23)*100 -> 100 | J23: =IF(I23>=81,"Sangat Valid",IF(I23>=61,"Valid",IF(I23>=41,"Cukup Valid",IF(I23>=21,"Kurang Valid","Tidak Valid")))) -> Sangat Valid
A24: TOTAL KESELURUHAN | C24: =SUM(C2:C23) -> 106 | D24: =SUM(D2:D23) -> 104 | E24: =SUM(E2:E23) -> 105 | F24: =SUM(F2:F23) -> 315 | G24: =ROUND(AVERAGE(G2:G23),0) -> 5 | H24: =SUM(H2:H23) -> 330 | I24: =(F24/H24)*100 -> 95.454545 | J24: =IF(I24>=81,"Sangat Valid",IF(I24>=61,"Valid",IF(I24>=41,"Cukup Valid",IF(I24>=21,"Kurang Valid","Tidak Valid")))) -> Sangat Valid
A27: HASIL KEPUTUSAN KELAYAKAN VALIDATOR
A28: Nama Validator | B28: Keputusan Kelayakan | C28: Komentar / Saran
A29: Margaretha Karolina S | B29: Layak digunakan dengan revisi | C29: Tambah penjelasan, cek kalimat, pastikan screenshot jelas
A30: Eko Indra Pangestu | B30: Layak digunakan tanpa revisi | C30: -
A31: Putut Aji Nalendro | B31: Layak digunakan tanpa revisi | C31: Beri pembatas header/content/footer & gambar
A32: KEPUTUSAN KELAYAKAN AKHIR (MAYORITAS) | C32: =IF(B29=B30,B29,IF(B30=B31,B30,IF(B29=B31,B29,"Draw"))) -> Layak digunakan tanpa revisi

Sheet Validitas Media
A1: Aspek Penilaian | B1: Indikator Penilaian | C1: Rafiqa Rizalita | D1: Daniel Rinaldi | E1: Dwi Wahyudi | F1: Total Skor per Item | G1: Rata-rata Skor | H1: Skor Maks | I1: Persentase | J1: Kriteria Validitas
A2: Tampilan Visual Website | B2: Kualitas tampilan website (rapi/menarik) | C2: 5 | D2: 5 | E2: 5 | F2: =SUM(C2:E2) -> 15 | G2: =ROUND(AVERAGE(C2:E2), 0) -> 5 | H2: 15 | I2: =(F2/H2)*100 -> 100 | J2: =IF(I2>=81,"Sangat Valid",IF(I2>=61,"Valid",IF(I2>=41,"Cukup Valid",IF(I2>=21,"Kurang Valid","Tidak Valid")))) -> Sangat Valid
A3: Tampilan Visual Website | B3: Kualitas tampilan website (warna) | C3: 4 | D3: 5 | E3: 5 | F3: =SUM(C3:E3) -> 14 | G3: =ROUND(AVERAGE(C3:E3), 0) -> 5 | H3: 15 | I3: =(F3/H3)*100 -> 93.333333 | J3: =IF(I3>=81,"Sangat Valid",IF(I3>=61,"Valid",IF(I3>=41,"Cukup Valid",IF(I3>=21,"Kurang Valid","Tidak Valid")))) -> Sangat Valid
A4: Tampilan Visual Website | B4: Keterbacaan teks website (ukuran/huruf) | C4: 4 | D4: 5 | E4: 5 | F4: =SUM(C4:E4) -> 14 | G4: =ROUND(AVERAGE(C4:E4), 0) -> 5 | H4: 15 | I4: =(F4/H4)*100 -> 93.333333 | J4: =IF(I4>=81,"Sangat Valid",IF(I4>=61,"Valid",IF(I4>=41,"Cukup Valid",IF(I4>=21,"Kurang Valid","Tidak Valid")))) -> Sangat Valid
A5: Tampilan Visual Website | B5: Keterbacaan teks website (kontras) | C5: 5 | D5: 4 | E5: 5 | F5: =SUM(C5:E5) -> 14 | G5: =ROUND(AVERAGE(C5:E5), 0) -> 5 | H5: 15 | I5: =(F5/H5)*100 -> 93.333333 | J5: =IF(I5>=81,"Sangat Valid",IF(I5>=61,"Valid",IF(I5>=41,"Cukup Valid",IF(I5>=21,"Kurang Valid","Tidak Valid")))) -> Sangat Valid
A6: Tampilan Visual Website | B6: Konsistensi visual website (tata letak/ikon) | C6: 5 | D6: 5 | E6: 5 | F6: =SUM(C6:E6) -> 15 | G6: =ROUND(AVERAGE(C6:E6), 0) -> 5 | H6: 15 | I6: =(F6/H6)*100 -> 100 | J6: =IF(I6>=81,"Sangat Valid",IF(I6>=61,"Valid",IF(I6>=41,"Cukup Valid",IF(I6>=21,"Kurang Valid","Tidak Valid")))) -> Sangat Valid
A7: Tampilan Visual Website | B7: Konsistensi visual website (pengenalan) | C7: 4 | D7: 4 | E7: 5 | F7: =SUM(C7:E7) -> 13 | G7: =ROUND(AVERAGE(C7:E7), 0) -> 4 | H7: 15 | I7: =(F7/H7)*100 -> 86.666667 | J7: =IF(I7>=81,"Sangat Valid",IF(I7>=61,"Valid",IF(I7>=41,"Cukup Valid",IF(I7>=21,"Kurang Valid","Tidak Valid")))) -> Sangat Valid
A8: UI/UX Website | B8: Kemudahan Navigasi | C8: 5 | D8: 5 | E8: 5 | F8: =SUM(C8:E8) -> 15 | G8: =ROUND(AVERAGE(C8:E8), 0) -> 5 | H8: 15 | I8: =(F8/H8)*100 -> 100 | J8: =IF(I8>=81,"Sangat Valid",IF(I8>=61,"Valid",IF(I8>=41,"Cukup Valid",IF(I8>=21,"Kurang Valid","Tidak Valid")))) -> Sangat Valid
A9: UI/UX Website | B9: Kejelasan Interaksi & Media | C9: 5 | D9: 4 | E9: 4 | F9: =SUM(C9:E9) -> 13 | G9: =ROUND(AVERAGE(C9:E9), 0) -> 4 | H9: 15 | I9: =(F9/H9)*100 -> 86.666667 | J9: =IF(I9>=81,"Sangat Valid",IF(I9>=61,"Valid",IF(I9>=41,"Cukup Valid",IF(I9>=21,"Kurang Valid","Tidak Valid")))) -> Sangat Valid
A10: UI/UX Website | B10: Kualitas Audio-Visual Sistem | C10: 5 | D10: 5 | E10: 5 | F10: =SUM(C10:E10) -> 15 | G10: =ROUND(AVERAGE(C10:E10), 0) -> 5 | H10: 15 | I10: =(F10/H10)*100 -> 100 | J10: =IF(I10>=81,"Sangat Valid",IF(I10>=61,"Valid",IF(I10>=41,"Cukup Valid",IF(I10>=21,"Kurang Valid","Tidak Valid")))) -> Sangat Valid
A11: UI/UX Website | B11: Umpan Balik Antarmuka | C11: 4 | D11: 5 | E11: 4 | F11: =SUM(C11:E11) -> 13 | G11: =ROUND(AVERAGE(C11:E11), 0) -> 4 | H11: 15 | I11: =(F11/H11)*100 -> 86.666667 | J11: =IF(I11>=81,"Sangat Valid",IF(I11>=61,"Valid",IF(I11>=41,"Cukup Valid",IF(I11>=21,"Kurang Valid","Tidak Valid")))) -> Sangat Valid
A12: UI/UX Website | B12: Efisiensi Alur Pelayanan | C12: 4 | D12: 4 | E12: 5 | F12: =SUM(C12:E12) -> 13 | G12: =ROUND(AVERAGE(C12:E12), 0) -> 4 | H12: 15 | I12: =(F12/H12)*100 -> 86.666667 | J12: =IF(I12>=81,"Sangat Valid",IF(I12>=61,"Valid",IF(I12>=41,"Cukup Valid",IF(I12>=21,"Kurang Valid","Tidak Valid")))) -> Sangat Valid
A13: UI/UX Website | B13: Kemudahan Penggunaan | C13: 5 | D13: 5 | E13: 4 | F13: =SUM(C13:E13) -> 14 | G13: =ROUND(AVERAGE(C13:E13), 0) -> 5 | H13: 15 | I13: =(F13/H13)*100 -> 93.333333 | J13: =IF(I13>=81,"Sangat Valid",IF(I13>=61,"Valid",IF(I13>=41,"Cukup Valid",IF(I13>=21,"Kurang Valid","Tidak Valid")))) -> Sangat Valid
... A15: UI/UX Website | B15: Konsistensi Pengalaman | C15: 5 | D15: 5 | E15: 5 | F15: =SUM(C15:E15) -> 15 | G15: =ROUND(AVERAGE(C15:E15), 0) -> 5 | H15: 15 | I15: =(F15/H15)*100 -> 100 | J15: =IF(I15>=81,"Sangat Valid",IF(I15>=61,"Valid",IF(I15>=41,"Cukup Valid",IF(I15>=21,"Kurang Valid","Tidak Valid")))) -> Sangat Valid
A16: TOTAL KESELURUHAN | C16: =SUM(C2:C15) -> 65 | D16: =SUM(D2:D15) -> 65 | E16: =SUM(E2:E15) -> 66 | F16: =SUM(F2:F15) -> 196 | G16: =ROUND(AVERAGE(G2:G15),0) -> 5 | H16: =SUM(H2:H15) -> 210 | I16: =(F16/H16)*100 -> 93.333333 | J16: =IF(I16>=81,"Sangat Valid",IF(I16>=61,"Valid",IF(I16>=41,"Cukup Valid",IF(I16>=21,"Kurang Valid","Tidak Valid")))) -> Sangat Valid
A19: HASIL KEPUTUSAN KELAYAKAN VALIDATOR
A20: Nama Validator | B20: Keputusan Kelayakan | C20: Komentar / Saran
A21: Rafiqa Rizalita | B21: Layak digunakan tanpa revisi | C21: Bagus, bisa digunakan untuk penelitian
A22: Daniel Rinaldi | B22: Layak digunakan tanpa revisi | C22: Warna sebaiknya jangan gradasi
A23: Dwi Wahyudi | B23: Layak digunakan dengan revisi | C23: Beri icon pada setiap tile layanan
A24: KEPUTUSAN KELAYAKAN AKHIR (MAYORITAS) | C24: =IF(B21=B22,B21,IF(B22=B23,B22,IF(B21=B23,B21,"Draw"))) -> Layak digunakan tanpa revisi

Sheet Validitas Sistem
A1: Aspek Penilaian | B1: Indikator Penilaian | C1: Ghea Chandra S | D1: Radinal Fadli | E1: Rahmad Wahyudi | F1: Total Skor per Item | G1: Rata-rata Skor | H1: Skor Maks | I1: Persentase | J1: Kriteria Validitas
A2: Fungsionalitas Sistem | B2: Fungsi autentikasi (login/verifikasi) | C2: 5 | D2: 4 | E2: 4 | F2: =SUM(C2:E2) -> 13 | G2: =ROUND(AVERAGE(C2:E2), 0) -> 4 | H2: 15 | I2: =(F2/H2)*100 -> 86.666667 | J2: =IF(I2>=81,"Sangat Valid",IF(I2>=61,"Valid",IF(I2>=41,"Cukup Valid",IF(I2>=21,"Kurang Valid","Tidak Valid")))) -> Sangat Valid
A3: Fungsionalitas Sistem | B3: Fungsi autentikasi (hak akses) | C3: 5 | D3: 5 | E3: 4 | F3: =SUM(C3:E3) -> 14 | G3: =ROUND(AVERAGE(C3:E3), 0) -> 5 | H3: 15 | I3: =(F3/H3)*100 -> 93.333333 | J3: =IF(I3>=81,"Sangat Valid",IF(I3>=61,"Valid",IF(I3>=41,"Cukup Valid",IF(I3>=21,"Kurang Valid","Tidak Valid")))) -> Sangat Valid
A4: Fungsionalitas Sistem | B4: Fungsi proses layanan (alur pengajuan) | C4: 5 | D4: 5 | E4: 4 | F4: =SUM(C4:E4) -> 14 | G4: =ROUND(AVERAGE(C4:E4), 0) -> 5 | H4: 15 | I4: =(F4/H4)*100 -> 93.333333 | J4: =IF(I4>=81,"Sangat Valid",IF(I4>=61,"Valid",IF(I4>=41,"Cukup Valid",IF(I4>=21,"Kurang Valid","Tidak Valid")))) -> Sangat Valid
A5: Fungsionalitas Sistem | B5: Fungsi proses layanan (form/berkas) | C5: 5 | D5: 4 | E5: 4 | F5: =SUM(C5:E5) -> 13 | G5: =ROUND(AVERAGE(C5:E5), 0) -> 4 | H5: 15 | I5: =(F5/H5)*100 -> 86.666667 | J5: =IF(I5>=81,"Sangat Valid",IF(I5>=61,"Valid",IF(I5>=41,"Cukup Valid",IF(I5>=21,"Kurang Valid","Tidak Valid")))) -> Sangat Valid
A6: Fungsionalitas Sistem | B6: Fungsi proses layanan (revisi/tindak lanjut) | C6: 4 | D6: 4 | E6: 4 | F6: =SUM(C6:E6) -> 12 | G6: =ROUND(AVERAGE(C6:E6), 0) -> 4 | H6: 15 | I6: =(F6/H6)*100 -> 80 | J6: =IF(I6>=81,"Sangat Valid",IF(I6>=61,"Valid",IF(I6>=41,"Cukup Valid",IF(I6>=21,"Kurang Valid","Tidak Valid")))) -> Valid
A7: Fungsionalitas Sistem | B7: Kesesuaian fungsi inti | C7: 5 | D7: 5 | E7: 4 | F7: =SUM(C7:E7) -> 14 | G7: =ROUND(AVERAGE(C7:E7), 0) -> 5 | H7: 15 | I7: =(F7/H7)*100 -> 93.333333 | J7: =IF(I7>=81,"Sangat Valid",IF(I7>=61,"Valid",IF(I7>=41,"Cukup Valid",IF(I7>=21,"Kurang Valid","Tidak Valid")))) -> Sangat Valid
A8: Keandalan dan Validasi Sistem | B8: Keandalan proses (status riwayat) | C8: 5 | D8: 4 | E8: 4 | F8: =SUM(C8:E8) -> 13 | G8: =ROUND(AVERAGE(C8:E8), 0) -> 4 | H8: 15 | I8: =(F8/H8)*100 -> 86.666667 | J8: =IF(I8>=81,"Sangat Valid",IF(I8>=61,"Valid",IF(I8>=41,"Cukup Valid",IF(I8>=21,"Kurang Valid","Tidak Valid")))) -> Sangat Valid
A9: Keandalan dan Validasi Sistem | B9: Keandalan proses (alur) | C9: 4 | D9: 5 | E9: 4 | F9: =SUM(C9:E9) -> 13 | G9: =ROUND(AVERAGE(C9:E9), 0) -> 4 | H9: 15 | I9: =(F9/H9)*100 -> 86.666667 | J9: =IF(I9>=81,"Sangat Valid",IF(I9>=61,"Valid",IF(I9>=41,"Cukup Valid",IF(I9>=21,"Kurang Valid","Tidak Valid")))) -> Sangat Valid
A10: Keandalan dan Validasi Sistem | B10: Validasi input (form) | C10: 5 | D10: 4 | E10: 5 | F10: =SUM(C10:E10) -> 14 | G10: =ROUND(AVERAGE(C10:E10), 0) -> 5 | H10: 15 | I10: =(F10/H10)*100 -> 93.333333 | J10: =IF(I10>=81,"Sangat Valid",IF(I10>=61,"Valid",IF(I10>=41,"Cukup Valid",IF(I10>=21,"Kurang Valid","Tidak Valid")))) -> Sangat Valid
A11: Keandalan dan Validasi Sistem | B11: Validasi input (unggah) | C11: 4 | D11: 4 | E11: 5 | F11: =SUM(C11:E11) -> 13 | G11: =ROUND(AVERAGE(C11:E11), 0) -> 4 | H11: 15 | I11: =(F11/H11)*100 -> 86.666667 | J11: =IF(I11>=81,"Sangat Valid",IF(I11>=61,"Valid",IF(I11>=41,"Cukup Valid",IF(I11>=21,"Kurang Valid","Tidak Valid")))) -> Sangat Valid
A12: Keandalan dan Validasi Sistem | B12: Penanganan kesalahan | C12: 4 | D12: 5 | E12: 4 | F12: =SUM(C12:E12) -> 13 | G12: =ROUND(AVERAGE(C12:E12), 0) -> 4 | H12: 15 | I12: =(F12/H12)*100 -> 86.666667 | J12: =IF(I12>=81,"Sangat Valid",IF(I12>=61,"Valid",IF(I12>=41,"Cukup Valid",IF(I12>=21,"Kurang Valid","Tidak Valid")))) -> Sangat Valid
A13: Keandalan dan Validasi Sistem | B13: Keandalan umum | C13: 5 | D13: 4 | E13: 5 | F13: =SUM(C13:E13) -> 14 | G13: =ROUND(AVERAGE(C13:E13), 0) -> 5 | H13: 15 | I13: =(F13/H13)*100 -> 93.333333 | J13: =IF(I13>=81,"Sangat Valid",IF(I13>=61,"Valid",IF(I13>=41,"Cukup Valid",IF(I13>=21,"Kurang Valid","Tidak Valid")))) -> Sangat Valid
... A23: Kinerja Dasar Sistem | B23: Kualitas interaksi sistem | C23: 5 | D23: 4 | E23: 4 | F23: =SUM(C23:E23) -> 13 | G23: =ROUND(AVERAGE(C23:E23), 0) -> 4 | H23: 15 | I23: =(F23/H23)*100 -> 86.666667 | J23: =IF(I23>=81,"Sangat Valid",IF(I23>=61,"Valid",IF(I23>=41,"Cukup Valid",IF(I23>=21,"Kurang Valid","Tidak Valid")))) -> Sangat Valid
A24: TOTAL KESELURUHAN | C24: =SUM(C2:C23) -> 105 | D24: =SUM(D2:D23) -> 93 | E24: =SUM(E2:E23) -> 91 | F24: =SUM(F2:F23) -> 289 | G24: =ROUND(AVERAGE(G2:G23),0) -> 4 | H24: =SUM(H2:H23) -> 330 | I24: =(F24/H24)*100 -> 87.575758 | J24: =IF(I24>=81,"Sangat Valid",IF(I24>=61,"Valid",IF(I24>=41,"Cukup Valid",IF(I24>=21,"Kurang Valid","Tidak Valid")))) -> Sangat Valid
A27: HASIL KEPUTUSAN KELAYAKAN VALIDATOR
A28: Nama Validator | B28: Keputusan Kelayakan | C28: Komentar / Saran
A29: Ghea Chandra S | B29: Layak digunakan tanpa revisi | C29: Perbaikan saran
A30: Radinal Fadli | B30: Layak digunakan dengan revisi | C30: Login SSO, perhatikan CSP (unsafe-eval/inline), atur CSP default
A31: Rahmad Wahyudi | B31: Layak digunakan tanpa revisi | C31: Tampilkan tombol kembali ke atas
A32: KEPUTUSAN KELAYAKAN AKHIR (MAYORITAS) | C32: =IF(B29=B30,B29,IF(B30=B31,B30,IF(B29=B31,B29,"Draw"))) -> Layak digunakan tanpa revisi
